timestamp, name, memory.used [MiB], memory.total [MiB], utilization.gpu [%]
2026/06/02 18:14:43.893, NVIDIA A800-SXM4-80GB, 0 MiB, 81920 MiB, 0 %
2026/06/02 18:14:48.902, NVIDIA A800-SXM4-80GB, 4 MiB, 81920 MiB, 0 %
2026/06/02 18:14:53.902, NVIDIA A800-SXM4-80GB, 4 MiB, 81920 MiB, 0 %
2026/06/02 18:14:58.903, NVIDIA A800-SXM4-80GB, 4 MiB, 81920 MiB, 0 %
2026/06/02 18:15:03.903, NVIDIA A800-SXM4-80GB, 4 MiB, 81920 MiB, 0 %
2026/06/02 18:15:08.904, NVIDIA A800-SXM4-80GB, 4 MiB, 81920 MiB, 0 %
2026/06/02 18:15:13.904, NVIDIA A800-SXM4-80GB, 4 MiB, 81920 MiB, 0 %
2026/06/02 18:15:18.905, NVIDIA A800-SXM4-80GB, 4 MiB, 81920 MiB, 0 %
2026/06/02 18:15:23.907, NVIDIA A800-SXM4-80GB, 1202 MiB, 81920 MiB, 10 %
2026/06/02 18:15:28.908, NVIDIA A800-SXM4-80GB, 8536 MiB, 81920 MiB, 16 %
2026/06/02 18:15:33.908, NVIDIA A800-SXM4-80GB, 13940 MiB, 81920 MiB, 10 %
2026/06/02 18:15:38.909, NVIDIA A800-SXM4-80GB, 17680 MiB, 81920 MiB, 0 %
2026/06/02 18:15:43.910, NVIDIA A800-SXM4-80GB, 33406 MiB, 81920 MiB, 0 %
2026/06/02 18:15:48.911, NVIDIA A800-SXM4-80GB, 33440 MiB, 81920 MiB, 17 %
2026/06/02 18:15:53.911, NVIDIA A800-SXM4-80GB, 31574 MiB, 81920 MiB, 0 %
2026/06/02 18:15:58.912, NVIDIA A800-SXM4-80GB, 31574 MiB, 81920 MiB, 0 %
2026/06/02 18:16:03.912, NVIDIA A800-SXM4-80GB, 31574 MiB, 81920 MiB, 0 %
2026/06/02 18:16:08.913, NVIDIA A800-SXM4-80GB, 31574 MiB, 81920 MiB, 0 %
2026/06/02 18:16:13.913, NVIDIA A800-SXM4-80GB, 55344 MiB, 81920 MiB, 86 %
2026/06/02 18:16:18.914, NVIDIA A800-SXM4-80GB, 41524 MiB, 81920 MiB, 44 %
2026/06/02 18:16:23.915, NVIDIA A800-SXM4-80GB, 56416 MiB, 81920 MiB, 0 %
2026/06/02 18:16:28.915, NVIDIA A800-SXM4-80GB, 56416 MiB, 81920 MiB, 0 %
2026/06/02 18:16:33.916, NVIDIA A800-SXM4-80GB, 56420 MiB, 81920 MiB, 44 %
2026/06/02 18:16:38.916, NVIDIA A800-SXM4-80GB, 56420 MiB, 81920 MiB, 47 %
2026/06/02 18:16:43.917, NVIDIA A800-SXM4-80GB, 56420 MiB, 81920 MiB, 47 %
2026/06/02 18:16:48.922, NVIDIA A800-SXM4-80GB, 56420 MiB, 81920 MiB, 63 %
2026/06/02 18:16:53.923, NVIDIA A800-SXM4-80GB, 56420 MiB, 81920 MiB, 49 %
2026/06/02 18:16:58.923, NVIDIA A800-SXM4-80GB, 56420 MiB, 81920 MiB, 49 %
2026/06/02 18:17:03.924, NVIDIA A800-SXM4-80GB, 56420 MiB, 81920 MiB, 84 %
2026/06/02 18:17:08.924, NVIDIA A800-SXM4-80GB, 56420 MiB, 81920 MiB, 48 %
2026/06/02 18:17:13.925, NVIDIA A800-SXM4-80GB, 56420 MiB, 81920 MiB, 44 %
2026/06/02 18:17:18.926, NVIDIA A800-SXM4-80GB, 56420 MiB, 81920 MiB, 56 %
2026/06/02 18:17:23.927, NVIDIA A800-SXM4-80GB, 48886 MiB, 81920 MiB, 69 %
2026/06/02 18:17:28.927, NVIDIA A800-SXM4-80GB, 17578 MiB, 81920 MiB, 100 %
2026/06/02 18:17:33.928, NVIDIA A800-SXM4-80GB, 17598 MiB, 81920 MiB, 1 %
2026/06/02 18:17:38.928, NVIDIA A800-SXM4-80GB, 17618 MiB, 81920 MiB, 1 %
2026/06/02 18:17:43.929, NVIDIA A800-SXM4-80GB, 17638 MiB, 81920 MiB, 1 %
2026/06/02 18:17:48.930, NVIDIA A800-SXM4-80GB, 19900 MiB, 81920 MiB, 53 %
2026/06/02 18:17:53.930, NVIDIA A800-SXM4-80GB, 47402 MiB, 81920 MiB, 99 %
2026/06/02 18:17:58.931, NVIDIA A800-SXM4-80GB, 31852 MiB, 81920 MiB, 17 %
2026/06/02 18:18:03.931, NVIDIA A800-SXM4-80GB, 31886 MiB, 81920 MiB, 17 %
2026/06/02 18:18:08.932, NVIDIA A800-SXM4-80GB, 31918 MiB, 81920 MiB, 10 %
2026/06/02 18:18:13.932, NVIDIA A800-SXM4-80GB, 40176 MiB, 81920 MiB, 45 %
2026/06/02 18:18:18.933, NVIDIA A800-SXM4-80GB, 40176 MiB, 81920 MiB, 45 %
2026/06/02 18:18:23.933, NVIDIA A800-SXM4-80GB, 40176 MiB, 81920 MiB, 45 %
2026/06/02 18:18:28.936, NVIDIA A800-SXM4-80GB, 40176 MiB, 81920 MiB, 46 %
2026/06/02 18:18:33.936, NVIDIA A800-SXM4-80GB, 40176 MiB, 81920 MiB, 46 %
2026/06/02 18:18:38.937, NVIDIA A800-SXM4-80GB, 40176 MiB, 81920 MiB, 47 %
2026/06/02 18:18:43.937, NVIDIA A800-SXM4-80GB, 40176 MiB, 81920 MiB, 47 %
2026/06/02 18:18:48.938, NVIDIA A800-SXM4-80GB, 40176 MiB, 81920 MiB, 48 %
2026/06/02 18:18:53.939, NVIDIA A800-SXM4-80GB, 40176 MiB, 81920 MiB, 49 %
2026/06/02 18:18:58.940, NVIDIA A800-SXM4-80GB, 40176 MiB, 81920 MiB, 48 %
2026/06/02 18:19:03.940, NVIDIA A800-SXM4-80GB, 40176 MiB, 81920 MiB, 50 %
2026/06/02 18:19:08.943, NVIDIA A800-SXM4-80GB, 40690 MiB, 81920 MiB, 71 %
2026/06/02 18:19:13.943, NVIDIA A800-SXM4-80GB, 40690 MiB, 81920 MiB, 49 %
2026/06/02 18:19:18.946, NVIDIA A800-SXM4-80GB, 40690 MiB, 81920 MiB, 51 %
2026/06/02 18:19:23.946, NVIDIA A800-SXM4-80GB, 40886 MiB, 81920 MiB, 47 %
2026/06/02 18:19:28.947, NVIDIA A800-SXM4-80GB, 40886 MiB, 81920 MiB, 48 %
2026/06/02 18:19:33.948, NVIDIA A800-SXM4-80GB, 40886 MiB, 81920 MiB, 48 %
2026/06/02 18:19:38.949, NVIDIA A800-SXM4-80GB, 40886 MiB, 81920 MiB, 48 %
2026/06/02 18:19:43.949, NVIDIA A800-SXM4-80GB, 18438 MiB, 81920 MiB, 100 %
2026/06/02 18:19:48.950, NVIDIA A800-SXM4-80GB, 39420 MiB, 81920 MiB, 98 %
2026/06/02 18:19:53.950, NVIDIA A800-SXM4-80GB, 24100 MiB, 81920 MiB, 100 %
2026/06/02 18:19:58.951, NVIDIA A800-SXM4-80GB, 80706 MiB, 81920 MiB, 97 %
2026/06/02 18:20:03.954, NVIDIA A800-SXM4-80GB, 7722 MiB, 81920 MiB, 100 %
2026/06/02 18:20:08.955, NVIDIA A800-SXM4-80GB, 40180 MiB, 81920 MiB, 46 %
2026/06/02 18:20:13.955, NVIDIA A800-SXM4-80GB, 40180 MiB, 81920 MiB, 46 %
2026/06/02 18:20:18.956, NVIDIA A800-SXM4-80GB, 40180 MiB, 81920 MiB, 45 %
2026/06/02 18:20:23.972, NVIDIA A800-SXM4-80GB, 40180 MiB, 81920 MiB, 45 %
2026/06/02 18:20:28.974, NVIDIA A800-SXM4-80GB, 40180 MiB, 81920 MiB, 41 %
2026/06/02 18:20:33.974, NVIDIA A800-SXM4-80GB, 40180 MiB, 81920 MiB, 41 %
2026/06/02 18:20:38.975, NVIDIA A800-SXM4-80GB, 40180 MiB, 81920 MiB, 0 %
2026/06/02 18:20:43.977, NVIDIA A800-SXM4-80GB, 40180 MiB, 81920 MiB, 44 %
2026/06/02 18:20:48.978, NVIDIA A800-SXM4-80GB, 40180 MiB, 81920 MiB, 0 %
2026/06/02 18:20:53.978, NVIDIA A800-SXM4-80GB, 40180 MiB, 81920 MiB, 25 %
2026/06/02 18:20:58.980, NVIDIA A800-SXM4-80GB, 40180 MiB, 81920 MiB, 0 %
2026/06/02 18:21:03.981, NVIDIA A800-SXM4-80GB, 40180 MiB, 81920 MiB, 0 %
2026/06/02 18:21:08.983, NVIDIA A800-SXM4-80GB, 40276 MiB, 81920 MiB, 45 %
2026/06/02 18:21:13.984, NVIDIA A800-SXM4-80GB, 40276 MiB, 81920 MiB, 46 %
2026/06/02 18:21:18.987, NVIDIA A800-SXM4-80GB, 40276 MiB, 81920 MiB, 44 %
2026/06/02 18:21:23.988, NVIDIA A800-SXM4-80GB, 40276 MiB, 81920 MiB, 57 %
2026/06/02 18:21:28.989, NVIDIA A800-SXM4-80GB, 40276 MiB, 81920 MiB, 41 %
2026/06/02 18:21:33.991, NVIDIA A800-SXM4-80GB, 40276 MiB, 81920 MiB, 41 %
2026/06/02 18:21:38.992, NVIDIA A800-SXM4-80GB, 40276 MiB, 81920 MiB, 41 %
2026/06/02 18:21:43.994, NVIDIA A800-SXM4-80GB, 40276 MiB, 81920 MiB, 45 %
2026/06/02 18:21:48.995, NVIDIA A800-SXM4-80GB, 40276 MiB, 81920 MiB, 42 %
2026/06/02 18:21:53.997, NVIDIA A800-SXM4-80GB, 40276 MiB, 81920 MiB, 19 %
2026/06/02 18:21:58.998, NVIDIA A800-SXM4-80GB, 40276 MiB, 81920 MiB, 43 %
2026/06/02 18:22:03.998, NVIDIA A800-SXM4-80GB, 40276 MiB, 81920 MiB, 0 %
2026/06/02 18:22:09.000, NVIDIA A800-SXM4-80GB, 40276 MiB, 81920 MiB, 0 %
2026/06/02 18:22:14.001, NVIDIA A800-SXM4-80GB, 40276 MiB, 81920 MiB, 0 %
2026/06/02 18:22:19.002, NVIDIA A800-SXM4-80GB, 40712 MiB, 81920 MiB, 47 %
2026/06/02 18:22:24.003, NVIDIA A800-SXM4-80GB, 40712 MiB, 81920 MiB, 48 %
2026/06/02 18:22:29.005, NVIDIA A800-SXM4-80GB, 40712 MiB, 81920 MiB, 43 %
2026/06/02 18:22:34.007, NVIDIA A800-SXM4-80GB, 40712 MiB, 81920 MiB, 42 %
2026/06/02 18:22:39.008, NVIDIA A800-SXM4-80GB, 40712 MiB, 81920 MiB, 0 %
2026/06/02 18:22:44.009, NVIDIA A800-SXM4-80GB, 40712 MiB, 81920 MiB, 0 %
2026/06/02 18:22:49.011, NVIDIA A800-SXM4-80GB, 40712 MiB, 81920 MiB, 0 %
2026/06/02 18:22:54.011, NVIDIA A800-SXM4-80GB, 40712 MiB, 81920 MiB, 0 %
2026/06/02 18:22:59.013, NVIDIA A800-SXM4-80GB, 40712 MiB, 81920 MiB, 16 %
2026/06/02 18:23:04.014, NVIDIA A800-SXM4-80GB, 40712 MiB, 81920 MiB, 0 %
2026/06/02 18:23:09.015, NVIDIA A800-SXM4-80GB, 40712 MiB, 81920 MiB, 0 %
2026/06/02 18:23:14.018, NVIDIA A800-SXM4-80GB, 40712 MiB, 81920 MiB, 0 %
2026/06/02 18:23:19.019, NVIDIA A800-SXM4-80GB, 40712 MiB, 81920 MiB, 0 %
2026/06/02 18:23:24.021, NVIDIA A800-SXM4-80GB, 40712 MiB, 81920 MiB, 0 %
2026/06/02 18:23:29.023, NVIDIA A800-SXM4-80GB, 40712 MiB, 81920 MiB, 0 %
2026/06/02 18:23:34.023, NVIDIA A800-SXM4-80GB, 40712 MiB, 81920 MiB, 44 %
2026/06/02 18:23:39.025, NVIDIA A800-SXM4-80GB, 40712 MiB, 81920 MiB, 44 %
2026/06/02 18:23:44.026, NVIDIA A800-SXM4-80GB, 40712 MiB, 81920 MiB, 44 %
2026/06/02 18:23:49.028, NVIDIA A800-SXM4-80GB, 40712 MiB, 81920 MiB, 43 %
2026/06/02 18:23:54.028, NVIDIA A800-SXM4-80GB, 40712 MiB, 81920 MiB, 44 %
2026/06/02 18:23:59.029, NVIDIA A800-SXM4-80GB, 40712 MiB, 81920 MiB, 44 %
2026/06/02 18:24:04.031, NVIDIA A800-SXM4-80GB, 40712 MiB, 81920 MiB, 44 %
2026/06/02 18:24:09.032, NVIDIA A800-SXM4-80GB, 11322 MiB, 81920 MiB, 99 %
2026/06/02 18:24:14.034, NVIDIA A800-SXM4-80GB, 9224 MiB, 81920 MiB, 100 %
2026/06/02 18:24:19.035, NVIDIA A800-SXM4-80GB, 79288 MiB, 81920 MiB, 99 %
2026/06/02 18:24:24.037, NVIDIA A800-SXM4-80GB, 33082 MiB, 81920 MiB, 0 %
2026/06/02 18:24:29.039, NVIDIA A800-SXM4-80GB, 33082 MiB, 81920 MiB, 0 %
2026/06/02 18:24:34.041, NVIDIA A800-SXM4-80GB, 33082 MiB, 81920 MiB, 0 %
2026/06/02 18:24:39.044, NVIDIA A800-SXM4-80GB, 33082 MiB, 81920 MiB, 0 %
2026/06/02 18:24:44.045, NVIDIA A800-SXM4-80GB, 33082 MiB, 81920 MiB, 0 %
2026/06/02 18:24:49.046, NVIDIA A800-SXM4-80GB, 33082 MiB, 81920 MiB, 0 %
2026/06/02 18:24:54.047, NVIDIA A800-SXM4-80GB, 33082 MiB, 81920 MiB, 0 %
2026/06/02 18:24:59.059, NVIDIA A800-SXM4-80GB, 33082 MiB, 81920 MiB, 0 %
2026/06/02 18:25:04.061, NVIDIA A800-SXM4-80GB, 33082 MiB, 81920 MiB, 0 %
2026/06/02 18:25:09.062, NVIDIA A800-SXM4-80GB, 33082 MiB, 81920 MiB, 0 %
2026/06/02 18:25:14.063, NVIDIA A800-SXM4-80GB, 33082 MiB, 81920 MiB, 0 %
2026/06/02 18:25:19.073, NVIDIA A800-SXM4-80GB, 33082 MiB, 81920 MiB, 0 %
2026/06/02 18:25:24.075, NVIDIA A800-SXM4-80GB, 33082 MiB, 81920 MiB, 0 %
2026/06/02 18:25:29.077, NVIDIA A800-SXM4-80GB, 33082 MiB, 81920 MiB, 0 %
2026/06/02 18:25:34.079, NVIDIA A800-SXM4-80GB, 33082 MiB, 81920 MiB, 0 %
2026/06/02 18:25:39.082, NVIDIA A800-SXM4-80GB, 33082 MiB, 81920 MiB, 0 %
2026/06/02 18:25:44.084, NVIDIA A800-SXM4-80GB, 33082 MiB, 81920 MiB, 0 %
2026/06/02 18:25:49.085, NVIDIA A800-SXM4-80GB, 33082 MiB, 81920 MiB, 0 %
2026/06/02 18:25:54.087, NVIDIA A800-SXM4-80GB, 33082 MiB, 81920 MiB, 0 %
2026/06/02 18:25:59.088, NVIDIA A800-SXM4-80GB, 33082 MiB, 81920 MiB, 0 %
2026/06/02 18:26:04.090, NVIDIA A800-SXM4-80GB, 33082 MiB, 81920 MiB, 0 %
2026/06/02 18:26:09.090, NVIDIA A800-SXM4-80GB, 33082 MiB, 81920 MiB, 0 %
2026/06/02 18:26:14.092, NVIDIA A800-SXM4-80GB, 33082 MiB, 81920 MiB, 0 %
2026/06/02 18:26:19.094, NVIDIA A800-SXM4-80GB, 33082 MiB, 81920 MiB, 0 %
2026/06/02 18:26:24.095, NVIDIA A800-SXM4-80GB, 33082 MiB, 81920 MiB, 0 %
2026/06/02 18:26:29.098, NVIDIA A800-SXM4-80GB, 33082 MiB, 81920 MiB, 0 %
2026/06/02 18:26:34.100, NVIDIA A800-SXM4-80GB, 33082 MiB, 81920 MiB, 0 %
2026/06/02 18:26:39.102, NVIDIA A800-SXM4-80GB, 33082 MiB, 81920 MiB, 0 %
2026/06/02 18:26:44.105, NVIDIA A800-SXM4-80GB, 33082 MiB, 81920 MiB, 0 %
2026/06/02 18:26:49.106, NVIDIA A800-SXM4-80GB, 33082 MiB, 81920 MiB, 0 %
2026/06/02 18:26:54.107, NVIDIA A800-SXM4-80GB, 33082 MiB, 81920 MiB, 0 %
2026/06/02 18:26:59.109, NVIDIA A800-SXM4-80GB, 33082 MiB, 81920 MiB, 0 %
2026/06/02 18:27:04.110, NVIDIA A800-SXM4-80GB, 33082 MiB, 81920 MiB, 0 %
2026/06/02 18:27:09.112, NVIDIA A800-SXM4-80GB, 33082 MiB, 81920 MiB, 0 %
2026/06/02 18:27:14.113, NVIDIA A800-SXM4-80GB, 33082 MiB, 81920 MiB, 0 %
2026/06/02 18:27:19.115, NVIDIA A800-SXM4-80GB, 33082 MiB, 81920 MiB, 0 %
2026/06/02 18:27:24.117, NVIDIA A800-SXM4-80GB, 33082 MiB, 81920 MiB, 0 %
2026/06/02 18:27:29.120, NVIDIA A800-SXM4-80GB, 33082 MiB, 81920 MiB, 0 %
2026/06/02 18:27:34.122, NVIDIA A800-SXM4-80GB, 33082 MiB, 81920 MiB, 0 %
2026/06/02 18:27:39.123, NVIDIA A800-SXM4-80GB, 33082 MiB, 81920 MiB, 0 %
2026/06/02 18:27:44.125, NVIDIA A800-SXM4-80GB, 33082 MiB, 81920 MiB, 0 %
2026/06/02 18:27:49.126, NVIDIA A800-SXM4-80GB, 33082 MiB, 81920 MiB, 0 %
2026/06/02 18:27:54.126, NVIDIA A800-SXM4-80GB, 33082 MiB, 81920 MiB, 0 %
2026/06/02 18:27:59.128, NVIDIA A800-SXM4-80GB, 33082 MiB, 81920 MiB, 0 %
2026/06/02 18:28:04.130, NVIDIA A800-SXM4-80GB, 33082 MiB, 81920 MiB, 0 %
2026/06/02 18:28:09.132, NVIDIA A800-SXM4-80GB, 33082 MiB, 81920 MiB, 0 %
2026/06/02 18:28:14.134, NVIDIA A800-SXM4-80GB, 33082 MiB, 81920 MiB, 0 %
2026/06/02 18:28:19.136, NVIDIA A800-SXM4-80GB, 33082 MiB, 81920 MiB, 0 %
2026/06/02 18:28:24.138, NVIDIA A800-SXM4-80GB, 33082 MiB, 81920 MiB, 0 %
2026/06/02 18:28:29.139, NVIDIA A800-SXM4-80GB, 33082 MiB, 81920 MiB, 0 %
2026/06/02 18:28:34.141, NVIDIA A800-SXM4-80GB, 33082 MiB, 81920 MiB, 0 %
2026/06/02 18:28:39.144, NVIDIA A800-SXM4-80GB, 33082 MiB, 81920 MiB, 0 %
2026/06/02 18:28:44.145, NVIDIA A800-SXM4-80GB, 33082 MiB, 81920 MiB, 0 %
2026/06/02 18:28:49.146, NVIDIA A800-SXM4-80GB, 33082 MiB, 81920 MiB, 0 %
2026/06/02 18:28:54.148, NVIDIA A800-SXM4-80GB, 33082 MiB, 81920 MiB, 0 %
2026/06/02 18:28:59.149, NVIDIA A800-SXM4-80GB, 33082 MiB, 81920 MiB, 0 %
2026/06/02 18:29:04.153, NVIDIA A800-SXM4-80GB, 33082 MiB, 81920 MiB, 0 %
2026/06/02 18:29:09.154, NVIDIA A800-SXM4-80GB, 33082 MiB, 81920 MiB, 0 %
2026/06/02 18:29:14.156, NVIDIA A800-SXM4-80GB, 33082 MiB, 81920 MiB, 0 %
2026/06/02 18:29:19.158, NVIDIA A800-SXM4-80GB, 33082 MiB, 81920 MiB, 0 %
2026/06/02 18:29:24.159, NVIDIA A800-SXM4-80GB, 33082 MiB, 81920 MiB, 0 %
2026/06/02 18:29:29.160, NVIDIA A800-SXM4-80GB, 33082 MiB, 81920 MiB, 0 %
2026/06/02 18:29:34.162, NVIDIA A800-SXM4-80GB, 33082 MiB, 81920 MiB, 0 %
2026/06/02 18:29:39.164, NVIDIA A800-SXM4-80GB, 33082 MiB, 81920 MiB, 0 %
2026/06/02 18:29:44.167, NVIDIA A800-SXM4-80GB, 33082 MiB, 81920 MiB, 0 %
2026/06/02 18:29:49.167, NVIDIA A800-SXM4-80GB, 33082 MiB, 81920 MiB, 0 %
2026/06/02 18:29:54.168, NVIDIA A800-SXM4-80GB, 33082 MiB, 81920 MiB, 0 %
2026/06/02 18:29:59.169, NVIDIA A800-SXM4-80GB, 33082 MiB, 81920 MiB, 0 %
2026/06/02 18:30:04.170, NVIDIA A800-SXM4-80GB, 33082 MiB, 81920 MiB, 0 %
2026/06/02 18:30:09.171, NVIDIA A800-SXM4-80GB, 33082 MiB, 81920 MiB, 0 %
2026/06/02 18:30:14.173, NVIDIA A800-SXM4-80GB, 33082 MiB, 81920 MiB, 0 %
2026/06/02 18:30:19.173, NVIDIA A800-SXM4-80GB, 33082 MiB, 81920 MiB, 0 %
2026/06/02 18:30:24.176, NVIDIA A800-SXM4-80GB, 33082 MiB, 81920 MiB, 0 %
2026/06/02 18:30:29.178, NVIDIA A800-SXM4-80GB, 33082 MiB, 81920 MiB, 0 %
2026/06/02 18:30:34.180, NVIDIA A800-SXM4-80GB, 33082 MiB, 81920 MiB, 0 %
2026/06/02 18:30:39.182, NVIDIA A800-SXM4-80GB, 33082 MiB, 81920 MiB, 0 %
2026/06/02 18:30:44.183, NVIDIA A800-SXM4-80GB, 33082 MiB, 81920 MiB, 0 %
2026/06/02 18:30:49.184, NVIDIA A800-SXM4-80GB, 33082 MiB, 81920 MiB, 0 %
2026/06/02 18:30:54.186, NVIDIA A800-SXM4-80GB, 33082 MiB, 81920 MiB, 0 %
2026/06/02 18:30:59.187, NVIDIA A800-SXM4-80GB, 33082 MiB, 81920 MiB, 0 %
2026/06/02 18:31:04.188, NVIDIA A800-SXM4-80GB, 33082 MiB, 81920 MiB, 0 %
2026/06/02 18:31:09.189, NVIDIA A800-SXM4-80GB, 33082 MiB, 81920 MiB, 0 %
2026/06/02 18:31:14.190, NVIDIA A800-SXM4-80GB, 33082 MiB, 81920 MiB, 0 %
2026/06/02 18:31:19.191, NVIDIA A800-SXM4-80GB, 33082 MiB, 81920 MiB, 0 %
2026/06/02 18:31:24.192, NVIDIA A800-SXM4-80GB, 33082 MiB, 81920 MiB, 0 %
2026/06/02 18:31:29.194, NVIDIA A800-SXM4-80GB, 33082 MiB, 81920 MiB, 0 %
2026/06/02 18:31:34.196, NVIDIA A800-SXM4-80GB, 33082 MiB, 81920 MiB, 0 %
2026/06/02 18:31:39.198, NVIDIA A800-SXM4-80GB, 33082 MiB, 81920 MiB, 0 %
2026/06/02 18:31:44.198, NVIDIA A800-SXM4-80GB, 33082 MiB, 81920 MiB, 0 %
2026/06/02 18:31:49.199, NVIDIA A800-SXM4-80GB, 33082 MiB, 81920 MiB, 0 %
2026/06/02 18:31:54.199, NVIDIA A800-SXM4-80GB, 33082 MiB, 81920 MiB, 0 %
2026/06/02 18:31:59.201, NVIDIA A800-SXM4-80GB, 33082 MiB, 81920 MiB, 0 %
2026/06/02 18:32:04.202, NVIDIA A800-SXM4-80GB, 33082 MiB, 81920 MiB, 0 %
2026/06/02 18:32:09.204, NVIDIA A800-SXM4-80GB, 33082 MiB, 81920 MiB, 0 %
2026/06/02 18:32:14.207, NVIDIA A800-SXM4-80GB, 33082 MiB, 81920 MiB, 0 %
2026/06/02 18:32:19.209, NVIDIA A800-SXM4-80GB, 33082 MiB, 81920 MiB, 0 %
2026/06/02 18:32:24.210, NVIDIA A800-SXM4-80GB, 33082 MiB, 81920 MiB, 0 %
2026/06/02 18:32:29.211, NVIDIA A800-SXM4-80GB, 33082 MiB, 81920 MiB, 0 %
2026/06/02 18:32:34.212, NVIDIA A800-SXM4-80GB, 33082 MiB, 81920 MiB, 0 %
2026/06/02 18:32:39.213, NVIDIA A800-SXM4-80GB, 33082 MiB, 81920 MiB, 0 %
2026/06/02 18:32:44.215, NVIDIA A800-SXM4-80GB, 33082 MiB, 81920 MiB, 0 %
2026/06/02 18:32:49.217, NVIDIA A800-SXM4-80GB, 33082 MiB, 81920 MiB, 0 %
2026/06/02 18:32:54.218, NVIDIA A800-SXM4-80GB, 33082 MiB, 81920 MiB, 0 %
2026/06/02 18:32:59.219, NVIDIA A800-SXM4-80GB, 33082 MiB, 81920 MiB, 0 %
2026/06/02 18:33:04.222, NVIDIA A800-SXM4-80GB, 33082 MiB, 81920 MiB, 0 %
2026/06/02 18:33:09.224, NVIDIA A800-SXM4-80GB, 33082 MiB, 81920 MiB, 0 %
2026/06/02 18:33:14.226, NVIDIA A800-SXM4-80GB, 33082 MiB, 81920 MiB, 0 %
2026/06/02 18:33:19.228, NVIDIA A800-SXM4-80GB, 33082 MiB, 81920 MiB, 0 %
2026/06/02 18:33:24.229, NVIDIA A800-SXM4-80GB, 33082 MiB, 81920 MiB, 0 %
2026/06/02 18:33:29.231, NVIDIA A800-SXM4-80GB, 33082 MiB, 81920 MiB, 0 %
2026/06/02 18:33:34.232, NVIDIA A800-SXM4-80GB, 33082 MiB, 81920 MiB, 0 %
2026/06/02 18:33:39.234, NVIDIA A800-SXM4-80GB, 33082 MiB, 81920 MiB, 0 %
2026/06/02 18:33:44.236, NVIDIA A800-SXM4-80GB, 33082 MiB, 81920 MiB, 0 %
2026/06/02 18:33:49.238, NVIDIA A800-SXM4-80GB, 33082 MiB, 81920 MiB, 0 %
2026/06/02 18:33:54.240, NVIDIA A800-SXM4-80GB, 33082 MiB, 81920 MiB, 0 %
2026/06/02 18:33:59.243, NVIDIA A800-SXM4-80GB, 33082 MiB, 81920 MiB, 0 %
2026/06/02 18:34:04.244, NVIDIA A800-SXM4-80GB, 33082 MiB, 81920 MiB, 0 %
2026/06/02 18:34:09.245, NVIDIA A800-SXM4-80GB, 33082 MiB, 81920 MiB, 0 %
2026/06/02 18:34:14.245, NVIDIA A800-SXM4-80GB, 33082 MiB, 81920 MiB, 0 %
2026/06/02 18:34:19.247, NVIDIA A800-SXM4-80GB, 33082 MiB, 81920 MiB, 0 %
2026/06/02 18:34:24.250, NVIDIA A800-SXM4-80GB, 33082 MiB, 81920 MiB, 0 %
2026/06/02 18:34:29.253, NVIDIA A800-SXM4-80GB, 33082 MiB, 81920 MiB, 0 %
2026/06/02 18:34:34.255, NVIDIA A800-SXM4-80GB, 33082 MiB, 81920 MiB, 0 %
2026/06/02 18:34:39.256, NVIDIA A800-SXM4-80GB, 33082 MiB, 81920 MiB, 0 %
2026/06/02 18:34:44.258, NVIDIA A800-SXM4-80GB, 33082 MiB, 81920 MiB, 0 %
2026/06/02 18:34:49.260, NVIDIA A800-SXM4-80GB, 33082 MiB, 81920 MiB, 0 %
2026/06/02 18:34:54.261, NVIDIA A800-SXM4-80GB, 33082 MiB, 81920 MiB, 0 %
2026/06/02 18:34:59.264, NVIDIA A800-SXM4-80GB, 33082 MiB, 81920 MiB, 0 %
2026/06/02 18:35:04.268, NVIDIA A800-SXM4-80GB, 33082 MiB, 81920 MiB, 0 %
2026/06/02 18:35:09.270, NVIDIA A800-SXM4-80GB, 33082 MiB, 81920 MiB, 0 %
2026/06/02 18:35:14.271, NVIDIA A800-SXM4-80GB, 33082 MiB, 81920 MiB, 0 %
2026/06/02 18:35:19.274, NVIDIA A800-SXM4-80GB, 33082 MiB, 81920 MiB, 0 %
2026/06/02 18:35:24.277, NVIDIA A800-SXM4-80GB, 33082 MiB, 81920 MiB, 0 %
2026/06/02 18:35:29.278, NVIDIA A800-SXM4-80GB, 33082 MiB, 81920 MiB, 0 %
2026/06/02 18:35:34.281, NVIDIA A800-SXM4-80GB, 33082 MiB, 81920 MiB, 0 %
2026/06/02 18:35:39.284, NVIDIA A800-SXM4-80GB, 33082 MiB, 81920 MiB, 0 %
2026/06/02 18:35:44.285, NVIDIA A800-SXM4-80GB, 33082 MiB, 81920 MiB, 0 %
2026/06/02 18:35:49.285, NVIDIA A800-SXM4-80GB, 33082 MiB, 81920 MiB, 0 %
2026/06/02 18:35:54.286, NVIDIA A800-SXM4-80GB, 33082 MiB, 81920 MiB, 0 %
2026/06/02 18:35:59.287, NVIDIA A800-SXM4-80GB, 33082 MiB, 81920 MiB, 0 %
2026/06/02 18:36:04.289, NVIDIA A800-SXM4-80GB, 33082 MiB, 81920 MiB, 0 %
2026/06/02 18:36:09.291, NVIDIA A800-SXM4-80GB, 33082 MiB, 81920 MiB, 0 %
2026/06/02 18:36:14.295, NVIDIA A800-SXM4-80GB, 33082 MiB, 81920 MiB, 0 %
2026/06/02 18:36:19.295, NVIDIA A800-SXM4-80GB, 33082 MiB, 81920 MiB, 0 %
2026/06/02 18:36:24.297, NVIDIA A800-SXM4-80GB, 33082 MiB, 81920 MiB, 0 %
2026/06/02 18:36:29.300, NVIDIA A800-SXM4-80GB, 33082 MiB, 81920 MiB, 0 %
2026/06/02 18:36:34.303, NVIDIA A800-SXM4-80GB, 33082 MiB, 81920 MiB, 0 %
2026/06/02 18:36:39.306, NVIDIA A800-SXM4-80GB, 33082 MiB, 81920 MiB, 0 %
2026/06/02 18:36:44.306, NVIDIA A800-SXM4-80GB, 33082 MiB, 81920 MiB, 0 %
2026/06/02 18:36:49.308, NVIDIA A800-SXM4-80GB, 33082 MiB, 81920 MiB, 0 %
2026/06/02 18:36:54.310, NVIDIA A800-SXM4-80GB, 33082 MiB, 81920 MiB, 0 %
2026/06/02 18:36:59.312, NVIDIA A800-SXM4-80GB, 33082 MiB, 81920 MiB, 0 %
2026/06/02 18:37:04.313, NVIDIA A800-SXM4-80GB, 33082 MiB, 81920 MiB, 0 %
2026/06/02 18:37:09.315, NVIDIA A800-SXM4-80GB, 33082 MiB, 81920 MiB, 0 %
2026/06/02 18:37:14.318, NVIDIA A800-SXM4-80GB, 33082 MiB, 81920 MiB, 0 %
2026/06/02 18:37:19.321, NVIDIA A800-SXM4-80GB, 33082 MiB, 81920 MiB, 0 %
2026/06/02 18:37:24.323, NVIDIA A800-SXM4-80GB, 33082 MiB, 81920 MiB, 0 %
2026/06/02 18:37:29.327, NVIDIA A800-SXM4-80GB, 33082 MiB, 81920 MiB, 0 %
2026/06/02 18:37:34.330, NVIDIA A800-SXM4-80GB, 33082 MiB, 81920 MiB, 0 %
2026/06/02 18:37:39.331, NVIDIA A800-SXM4-80GB, 33082 MiB, 81920 MiB, 0 %
2026/06/02 18:37:44.333, NVIDIA A800-SXM4-80GB, 33082 MiB, 81920 MiB, 0 %
2026/06/02 18:37:49.334, NVIDIA A800-SXM4-80GB, 33082 MiB, 81920 MiB, 0 %
2026/06/02 18:37:54.336, NVIDIA A800-SXM4-80GB, 33082 MiB, 81920 MiB, 0 %
2026/06/02 18:37:59.337, NVIDIA A800-SXM4-80GB, 33082 MiB, 81920 MiB, 0 %
2026/06/02 18:38:04.351, NVIDIA A800-SXM4-80GB, 33082 MiB, 81920 MiB, 0 %
2026/06/02 18:38:09.351, NVIDIA A800-SXM4-80GB, 33082 MiB, 81920 MiB, 0 %
2026/06/02 18:38:14.353, NVIDIA A800-SXM4-80GB, 33082 MiB, 81920 MiB, 0 %
2026/06/02 18:38:19.353, NVIDIA A800-SXM4-80GB, 33082 MiB, 81920 MiB, 0 %
2026/06/02 18:38:24.356, NVIDIA A800-SXM4-80GB, 33082 MiB, 81920 MiB, 0 %
2026/06/02 18:38:29.356, NVIDIA A800-SXM4-80GB, 33082 MiB, 81920 MiB, 0 %
2026/06/02 18:38:34.359, NVIDIA A800-SXM4-80GB, 33082 MiB, 81920 MiB, 0 %
2026/06/02 18:38:39.361, NVIDIA A800-SXM4-80GB, 33082 MiB, 81920 MiB, 0 %
2026/06/02 18:38:44.363, NVIDIA A800-SXM4-80GB, 33082 MiB, 81920 MiB, 0 %
2026/06/02 18:38:49.365, NVIDIA A800-SXM4-80GB, 33082 MiB, 81920 MiB, 0 %
2026/06/02 18:38:54.366, NVIDIA A800-SXM4-80GB, 33082 MiB, 81920 MiB, 0 %
2026/06/02 18:38:59.367, NVIDIA A800-SXM4-80GB, 33082 MiB, 81920 MiB, 0 %
2026/06/02 18:39:04.368, NVIDIA A800-SXM4-80GB, 33082 MiB, 81920 MiB, 0 %
2026/06/02 18:39:09.369, NVIDIA A800-SXM4-80GB, 33082 MiB, 81920 MiB, 0 %
2026/06/02 18:39:14.371, NVIDIA A800-SXM4-80GB, 33082 MiB, 81920 MiB, 0 %
2026/06/02 18:39:19.373, NVIDIA A800-SXM4-80GB, 33082 MiB, 81920 MiB, 0 %
2026/06/02 18:39:24.375, NVIDIA A800-SXM4-80GB, 33082 MiB, 81920 MiB, 0 %
2026/06/02 18:39:29.376, NVIDIA A800-SXM4-80GB, 33082 MiB, 81920 MiB, 0 %
2026/06/02 18:39:34.378, NVIDIA A800-SXM4-80GB, 33082 MiB, 81920 MiB, 0 %
2026/06/02 18:39:39.380, NVIDIA A800-SXM4-80GB, 33082 MiB, 81920 MiB, 0 %
2026/06/02 18:39:44.381, NVIDIA A800-SXM4-80GB, 33082 MiB, 81920 MiB, 0 %
2026/06/02 18:39:49.381, NVIDIA A800-SXM4-80GB, 33082 MiB, 81920 MiB, 0 %
2026/06/02 18:39:54.383, NVIDIA A800-SXM4-80GB, 33082 MiB, 81920 MiB, 0 %
2026/06/02 18:39:59.385, NVIDIA A800-SXM4-80GB, 33082 MiB, 81920 MiB, 0 %
2026/06/02 18:40:04.387, NVIDIA A800-SXM4-80GB, 33082 MiB, 81920 MiB, 0 %
2026/06/02 18:40:09.388, NVIDIA A800-SXM4-80GB, 33082 MiB, 81920 MiB, 0 %
2026/06/02 18:40:14.389, NVIDIA A800-SXM4-80GB, 33082 MiB, 81920 MiB, 0 %
2026/06/02 18:40:19.389, NVIDIA A800-SXM4-80GB, 33082 MiB, 81920 MiB, 0 %
2026/06/02 18:40:24.390, NVIDIA A800-SXM4-80GB, 33082 MiB, 81920 MiB, 0 %
2026/06/02 18:40:29.393, NVIDIA A800-SXM4-80GB, 33082 MiB, 81920 MiB, 0 %
2026/06/02 18:40:34.395, NVIDIA A800-SXM4-80GB, 33082 MiB, 81920 MiB, 0 %
2026/06/02 18:40:39.396, NVIDIA A800-SXM4-80GB, 33082 MiB, 81920 MiB, 0 %
2026/06/02 18:40:44.397, NVIDIA A800-SXM4-80GB, 33082 MiB, 81920 MiB, 0 %
2026/06/02 18:40:49.398, NVIDIA A800-SXM4-80GB, 33082 MiB, 81920 MiB, 0 %
2026/06/02 18:40:54.399, NVIDIA A800-SXM4-80GB, 33082 MiB, 81920 MiB, 0 %
2026/06/02 18:40:59.402, NVIDIA A800-SXM4-80GB, 33082 MiB, 81920 MiB, 0 %
2026/06/02 18:41:04.403, NVIDIA A800-SXM4-80GB, 33082 MiB, 81920 MiB, 0 %
2026/06/02 18:41:09.405, NVIDIA A800-SXM4-80GB, 33082 MiB, 81920 MiB, 0 %
2026/06/02 18:41:14.408, NVIDIA A800-SXM4-80GB, 33082 MiB, 81920 MiB, 0 %
2026/06/02 18:41:19.410, NVIDIA A800-SXM4-80GB, 33082 MiB, 81920 MiB, 0 %
2026/06/02 18:41:24.410, NVIDIA A800-SXM4-80GB, 33082 MiB, 81920 MiB, 0 %
2026/06/02 18:41:29.413, NVIDIA A800-SXM4-80GB, 33082 MiB, 81920 MiB, 0 %
2026/06/02 18:41:34.414, NVIDIA A800-SXM4-80GB, 33082 MiB, 81920 MiB, 0 %
2026/06/02 18:41:39.416, NVIDIA A800-SXM4-80GB, 33082 MiB, 81920 MiB, 0 %
2026/06/02 18:41:44.419, NVIDIA A800-SXM4-80GB, 33082 MiB, 81920 MiB, 0 %
2026/06/02 18:41:49.420, NVIDIA A800-SXM4-80GB, 33082 MiB, 81920 MiB, 0 %
2026/06/02 18:41:54.421, NVIDIA A800-SXM4-80GB, 33082 MiB, 81920 MiB, 0 %
2026/06/02 18:41:59.422, NVIDIA A800-SXM4-80GB, 33082 MiB, 81920 MiB, 0 %
2026/06/02 18:42:04.425, NVIDIA A800-SXM4-80GB, 33082 MiB, 81920 MiB, 0 %
2026/06/02 18:42:09.426, NVIDIA A800-SXM4-80GB, 33082 MiB, 81920 MiB, 0 %
2026/06/02 18:42:14.430, NVIDIA A800-SXM4-80GB, 33082 MiB, 81920 MiB, 0 %
2026/06/02 18:42:19.433, NVIDIA A800-SXM4-80GB, 33082 MiB, 81920 MiB, 0 %
2026/06/02 18:42:24.435, NVIDIA A800-SXM4-80GB, 33082 MiB, 81920 MiB, 0 %
2026/06/02 18:42:29.436, NVIDIA A800-SXM4-80GB, 33082 MiB, 81920 MiB, 0 %
2026/06/02 18:42:34.437, NVIDIA A800-SXM4-80GB, 33082 MiB, 81920 MiB, 0 %
2026/06/02 18:42:39.439, NVIDIA A800-SXM4-80GB, 33082 MiB, 81920 MiB, 0 %
2026/06/02 18:42:44.442, NVIDIA A800-SXM4-80GB, 33082 MiB, 81920 MiB, 0 %
2026/06/02 18:42:49.444, NVIDIA A800-SXM4-80GB, 33082 MiB, 81920 MiB, 0 %
2026/06/02 18:42:54.444, NVIDIA A800-SXM4-80GB, 33082 MiB, 81920 MiB, 0 %
2026/06/02 18:42:59.445, NVIDIA A800-SXM4-80GB, 33082 MiB, 81920 MiB, 0 %
2026/06/02 18:43:04.446, NVIDIA A800-SXM4-80GB, 33082 MiB, 81920 MiB, 0 %
2026/06/02 18:43:09.448, NVIDIA A800-SXM4-80GB, 33082 MiB, 81920 MiB, 0 %
2026/06/02 18:43:14.453, NVIDIA A800-SXM4-80GB, 33082 MiB, 81920 MiB, 0 %
2026/06/02 18:43:19.454, NVIDIA A800-SXM4-80GB, 33082 MiB, 81920 MiB, 0 %
2026/06/02 18:43:24.455, NVIDIA A800-SXM4-80GB, 33082 MiB, 81920 MiB, 0 %
2026/06/02 18:43:29.456, NVIDIA A800-SXM4-80GB, 33082 MiB, 81920 MiB, 0 %
2026/06/02 18:43:34.457, NVIDIA A800-SXM4-80GB, 33082 MiB, 81920 MiB, 0 %
2026/06/02 18:43:39.458, NVIDIA A800-SXM4-80GB, 33082 MiB, 81920 MiB, 0 %
2026/06/02 18:43:44.461, NVIDIA A800-SXM4-80GB, 33082 MiB, 81920 MiB, 0 %
2026/06/02 18:43:49.464, NVIDIA A800-SXM4-80GB, 33082 MiB, 81920 MiB, 0 %
2026/06/02 18:43:54.465, NVIDIA A800-SXM4-80GB, 33082 MiB, 81920 MiB, 0 %
2026/06/02 18:43:59.466, NVIDIA A800-SXM4-80GB, 33082 MiB, 81920 MiB, 0 %
2026/06/02 18:44:04.468, NVIDIA A800-SXM4-80GB, 33082 MiB, 81920 MiB, 0 %
2026/06/02 18:44:09.470, NVIDIA A800-SXM4-80GB, 33082 MiB, 81920 MiB, 0 %
2026/06/02 18:44:14.472, NVIDIA A800-SXM4-80GB, 33082 MiB, 81920 MiB, 0 %
2026/06/02 18:44:19.476, NVIDIA A800-SXM4-80GB, 33082 MiB, 81920 MiB, 0 %
2026/06/02 18:44:24.477, NVIDIA A800-SXM4-80GB, 33082 MiB, 81920 MiB, 0 %
2026/06/02 18:44:29.480, NVIDIA A800-SXM4-80GB, 33082 MiB, 81920 MiB, 0 %
2026/06/02 18:44:34.482, NVIDIA A800-SXM4-80GB, 33082 MiB, 81920 MiB, 0 %
2026/06/02 18:44:39.484, NVIDIA A800-SXM4-80GB, 33082 MiB, 81920 MiB, 0 %
2026/06/02 18:44:44.485, NVIDIA A800-SXM4-80GB, 33082 MiB, 81920 MiB, 0 %
2026/06/02 18:44:49.487, NVIDIA A800-SXM4-80GB, 33082 MiB, 81920 MiB, 0 %
2026/06/02 18:44:54.488, NVIDIA A800-SXM4-80GB, 33082 MiB, 81920 MiB, 0 %
2026/06/02 18:44:59.490, NVIDIA A800-SXM4-80GB, 33082 MiB, 81920 MiB, 0 %
2026/06/02 18:45:04.491, NVIDIA A800-SXM4-80GB, 33082 MiB, 81920 MiB, 0 %
2026/06/02 18:45:09.492, NVIDIA A800-SXM4-80GB, 33082 MiB, 81920 MiB, 0 %
2026/06/02 18:45:14.493, NVIDIA A800-SXM4-80GB, 33082 MiB, 81920 MiB, 0 %
2026/06/02 18:45:19.494, NVIDIA A800-SXM4-80GB, 33082 MiB, 81920 MiB, 0 %
2026/06/02 18:45:24.497, NVIDIA A800-SXM4-80GB, 33082 MiB, 81920 MiB, 0 %
2026/06/02 18:45:29.498, NVIDIA A800-SXM4-80GB, 33082 MiB, 81920 MiB, 0 %
2026/06/02 18:45:34.500, NVIDIA A800-SXM4-80GB, 33082 MiB, 81920 MiB, 0 %
2026/06/02 18:45:39.502, NVIDIA A800-SXM4-80GB, 33082 MiB, 81920 MiB, 0 %
2026/06/02 18:45:44.503, NVIDIA A800-SXM4-80GB, 33082 MiB, 81920 MiB, 0 %
2026/06/02 18:45:49.504, NVIDIA A800-SXM4-80GB, 33082 MiB, 81920 MiB, 0 %
2026/06/02 18:45:54.506, NVIDIA A800-SXM4-80GB, 33082 MiB, 81920 MiB, 0 %
2026/06/02 18:45:59.506, NVIDIA A800-SXM4-80GB, 33082 MiB, 81920 MiB, 0 %
2026/06/02 18:46:04.510, NVIDIA A800-SXM4-80GB, 33082 MiB, 81920 MiB, 0 %
2026/06/02 18:46:09.512, NVIDIA A800-SXM4-80GB, 33082 MiB, 81920 MiB, 0 %
2026/06/02 18:46:14.514, NVIDIA A800-SXM4-80GB, 33082 MiB, 81920 MiB, 0 %
2026/06/02 18:46:19.515, NVIDIA A800-SXM4-80GB, 33082 MiB, 81920 MiB, 0 %
2026/06/02 18:46:24.516, NVIDIA A800-SXM4-80GB, 33082 MiB, 81920 MiB, 0 %
2026/06/02 18:46:29.517, NVIDIA A800-SXM4-80GB, 33082 MiB, 81920 MiB, 0 %
2026/06/02 18:46:34.519, NVIDIA A800-SXM4-80GB, 33082 MiB, 81920 MiB, 0 %
2026/06/02 18:46:39.522, NVIDIA A800-SXM4-80GB, 33082 MiB, 81920 MiB, 0 %
2026/06/02 18:46:44.523, NVIDIA A800-SXM4-80GB, 33082 MiB, 81920 MiB, 0 %
2026/06/02 18:46:49.525, NVIDIA A800-SXM4-80GB, 33082 MiB, 81920 MiB, 0 %
2026/06/02 18:46:54.528, NVIDIA A800-SXM4-80GB, 33082 MiB, 81920 MiB, 0 %
2026/06/02 18:46:59.531, NVIDIA A800-SXM4-80GB, 33082 MiB, 81920 MiB, 0 %
2026/06/02 18:47:04.532, NVIDIA A800-SXM4-80GB, 33082 MiB, 81920 MiB, 0 %
2026/06/02 18:47:09.536, NVIDIA A800-SXM4-80GB, 33082 MiB, 81920 MiB, 0 %
2026/06/02 18:47:14.537, NVIDIA A800-SXM4-80GB, 33082 MiB, 81920 MiB, 0 %
2026/06/02 18:47:19.538, NVIDIA A800-SXM4-80GB, 33082 MiB, 81920 MiB, 0 %
2026/06/02 18:47:24.540, NVIDIA A800-SXM4-80GB, 33082 MiB, 81920 MiB, 0 %
2026/06/02 18:47:29.542, NVIDIA A800-SXM4-80GB, 33082 MiB, 81920 MiB, 0 %
2026/06/02 18:47:34.545, NVIDIA A800-SXM4-80GB, 33082 MiB, 81920 MiB, 0 %
2026/06/02 18:47:39.546, NVIDIA A800-SXM4-80GB, 33082 MiB, 81920 MiB, 0 %
2026/06/02 18:47:44.549, NVIDIA A800-SXM4-80GB, 33082 MiB, 81920 MiB, 0 %
2026/06/02 18:47:49.552, NVIDIA A800-SXM4-80GB, 33082 MiB, 81920 MiB, 0 %
2026/06/02 18:47:54.553, NVIDIA A800-SXM4-80GB, 33082 MiB, 81920 MiB, 0 %
2026/06/02 18:47:59.554, NVIDIA A800-SXM4-80GB, 33082 MiB, 81920 MiB, 0 %
2026/06/02 18:48:04.555, NVIDIA A800-SXM4-80GB, 33082 MiB, 81920 MiB, 0 %
2026/06/02 18:48:09.557, NVIDIA A800-SXM4-80GB, 33082 MiB, 81920 MiB, 0 %
2026/06/02 18:48:14.557, NVIDIA A800-SXM4-80GB, 33082 MiB, 81920 MiB, 0 %
2026/06/02 18:48:19.560, NVIDIA A800-SXM4-80GB, 33082 MiB, 81920 MiB, 0 %
2026/06/02 18:48:24.562, NVIDIA A800-SXM4-80GB, 33082 MiB, 81920 MiB, 0 %
2026/06/02 18:48:29.563, NVIDIA A800-SXM4-80GB, 33082 MiB, 81920 MiB, 0 %
2026/06/02 18:48:34.565, NVIDIA A800-SXM4-80GB, 33082 MiB, 81920 MiB, 0 %
2026/06/02 18:48:39.568, NVIDIA A800-SXM4-80GB, 33082 MiB, 81920 MiB, 0 %
2026/06/02 18:48:44.569, NVIDIA A800-SXM4-80GB, 33082 MiB, 81920 MiB, 0 %
2026/06/02 18:48:49.571, NVIDIA A800-SXM4-80GB, 33082 MiB, 81920 MiB, 0 %
2026/06/02 18:48:54.572, NVIDIA A800-SXM4-80GB, 33082 MiB, 81920 MiB, 0 %
2026/06/02 18:48:59.573, NVIDIA A800-SXM4-80GB, 33082 MiB, 81920 MiB, 0 %
2026/06/02 18:49:04.574, NVIDIA A800-SXM4-80GB, 33082 MiB, 81920 MiB, 0 %
2026/06/02 18:49:09.574, NVIDIA A800-SXM4-80GB, 33082 MiB, 81920 MiB, 0 %
2026/06/02 18:49:14.575, NVIDIA A800-SXM4-80GB, 33082 MiB, 81920 MiB, 0 %
